geometry	hierarchy	codingscheme	affiliation	battledimension	status	functionid	name	remarks
	TACGRP	G	*	-	-------	TACTICAL GRAPHICS		
	TACGRP.TSK	G	*	T	*	------	TASKS	N/A
	TACGRP.TSK.BLK	G	*	T	*	B-----	BLOCK	
	TACGRP.TSK.BRH	G	*	T	*	H-----	BREACH	
	TACGRP.TSK.BYS	G	*	T	*	Y-----	BYPASS	
	TACGRP.TSK.CNZ	G	*	T	*	C-----	CANALIZE	
	TACGRP.TSK.CLR	G	*	T	*	X-----	CLEAR	
	TACGRP.TSK.CNT	G	*	T	*	J-----	CONTAIN	
	TACGRP.TSK.CATK	G	*	T	*	K-----	COUNTERATTACK (CATK)	
	TACGRP.TSK.CATK.CATKF	G	*	T	*	KF----	COUNTERATTACK BY FIRE	
	TACGRP.TSK.DLY	G	*	T	*	L-----	DELAY	
POINT	TACGRP.TSK.DSTY	G	*	T	*	D-----	DESTROY	
	TACGRP.TSK.DRT	G	*	T	*	T-----	DISRUPT	
	TACGRP.TSK.FIX	G	*	T	*	F-----	FIX	
	TACGRP.TSK.FLWASS	G	*	T	*	A-----	FOLLOW AND ASSUME	
	TACGRP.TSK.FLWASS.FLWSUP	G	*	T	*	AS----	FOLLOW AND SUPPORT	
POINT	TACGRP.TSK.ITDT	G	*	T	*	I-----	INTERDICT	
	TACGRP.TSK.ISL	G	*	T	*	E-----	ISOLATE	
POINT	TACGRP.TSK.NEUT	G	*	T	*	N-----	NEUTRALIZE	
	TACGRP.TSK.OCC	G	*	T	*	O-----	OCCUPY	
	TACGRP.TSK.PNE	G	*	T	*	P-----	PENETRATE	
	TACGRP.TSK.RIP	G	*	T	*	R-----	RELIEF IN PLACE (RIP)	
	TACGRP.TSK.RTN	G	*	T	*	Q-----	RETAIN	
	TACGRP.TSK.RTM	G	*	T	*	M-----	RETIREMENT	
	TACGRP.TSK.SCE	G	*	T	*	S-----	SECURE	
	TACGRP.TSK.SEC	G	-	T	*	U-----	SECURITY	N/A
	TACGRP.TSK.SEC.SCN	G	*	T	*	US----	SCREEN	
	TACGRP.TSK.SEC.GUD	G	*	T	*	UG----	GUARD	
	TACGRP.TSK.SEC.COV	G	*	T	*	UC----	COVER	
	TACGRP.TSK.SZE	G	*	T	*	Z-----	SEIZE	
	TACGRP.TSK.WDR	G	*	T	*	W-----	WITHDRAW	
	TACGRP.TSK.WDR.WDRUP	G	*	T	*	WP----	WITHDRAW UNDER PRESSURE	
	TACGRP.C2GM	G	*	G	*	------	COMMAND AND CONTROL AND GENERAL MANEUVER	N/A
	TACGRP.C2GM.GNL	G	*	G	*	G-----	GENERAL	N/A
	TACGRP.C2GM.GNL.PNT	G	*	G	*	GP----	POINTS	N/A
	TACGRP.C2GM.GNL.PNT.USW	G	*	G	*	GPU---	UNDER SEA WARFARE	N/A
	TACGRP.C2GM.GNL.PNT.USW.UH2	G	*	G	*	GPUU--	UNDERWATER	N/A
POINT	TACGRP.C2GM.GNL.PNT.USW.UH2.DTM	G	*	G	*	GPUUD-	DATUM	
POINT	TACGRP.C2GM.GNL.PNT.USW.UH2.BCON	G	*	G	*	GPUUB-	BRIEF CONTACT	
POINT	TACGRP.C2GM.GNL.PNT.USW.UH2.LCON	G	*	G	*	GPUUL-	LOST CONTACT	
POINT	TACGRP.C2GM.GNL.PNT.USW.UH2.SNK	G	*	G	*	GPUUS-	SINKER	
POINT	TACGRP.C2GM.GNL.PNT.USW.SNBY	G	*	G	*	GPUY--	SONOBUOY	
POINT	TACGRP.C2GM.GNL.PNT.USW.SNBY.PTNCTR	G	*	G	*	GPUYP-	PATTERN CENTER	
POINT	TACGRP.C2GM.GNL.PNT.USW.SNBY.DIFAR	G	*	G	*	GPUYD-	DIRECTIONAL FREQUENCY ANALYZING AND RECORDING (DIFAR)	
POINT	TACGRP.C2GM.GNL.PNT.USW.SNBY.LOFAR	G	*	G	*	GPUYL-	LOW FREQUENCY ANALYZING AND RECORDING (LOFAR)	
POINT	TACGRP.C2GM.GNL.PNT.USW.SNBY.CASS	G	*	G	*	GPUYC-	COMMAND ACTIVE SONOBUOY SYSTEM (CASS)	
POINT	TACGRP.C2GM.GNL.PNT.USW.SNBY.DICASS	G	*	G	*	GPUYS-	DIRECTIONAL COMMAND ACTIVE SONOBUOY SYSTEM (DICASS)	
POINT	TACGRP.C2GM.GNL.PNT.USW.SNBY.BT	G	*	G	*	GPUYB-	BATHYTHERMOGRAPH TRANSMITTING (BT)	
POINT	TACGRP.C2GM.GNL.PNT.USW.SNBY.ANM	G	*	G	*	GPUYA-	ANM	
POINT	TACGRP.C2GM.GNL.PNT.USW.SNBY.VLAD	G	*	G	*	GPUYV-	VERTICAL LINE ARRAY DIFAR (VLAD)	
POINT	TACGRP.C2GM.GNL.PNT.USW.SNBY.ATAC	G	*	G	*	GPUYT-	ATAC	
POINT	TACGRP.C2GM.GNL.PNT.USW.SNBY.RO	G	*	G	*	GPUYR-	RANGE ONLY (RO)	
POINT	TACGRP.C2GM.GNL.PNT.USW.SNBY.KGP	G	*	G	*	GPUYK-	KINGPIN	
POINT	TACGRP.C2GM.GNL.PNT.USW.SRH	G	*	G	*	GPUS--	SEARCH	
POINT	TACGRP.C2GM.GNL.PNT.USW.SRH.ARA	G	*	G	*	GPUSA-	SEARCH AREA	
POINT	TACGRP.C2GM.GNL.PNT.USW.SRH.DIPPSN	G	*	G	*	GPUSD-	DIP POSITION	
POINT	TACGRP.C2GM.GNL.PNT.USW.SRH.CTR	G	*	G	*	GPUSC-	SEARCH CENTER	
	TACGRP.C2GM.GNL.PNT.REFPNT	G	*	G	*	GPR---	REFERENCE POINT	
POINT	TACGRP.C2GM.GNL.PNT.REFPNT.SPLPNT	G	*	G	*	GPRS--	SPECIAL POINT	
POINT	TACGRP.C2GM.GNL.PNT.REFPNT.NAVREF	G	*	G	*	GPRN--	NAV REFERENCE	
POINT	TACGRP.C2GM.GNL.PNT.REFPNT.DLRP	G	*	G	*	GPRD--	DLRP	
POINT	TACGRP.C2GM.GNL.PNT.REFPNT.PNTINR	G	*	G	*	GPRI--	POINT OF INTEREST	
	TACGRP.C2GM.GNL.PNT.WPN	G	*	G	*	GPW---	WEAPON	N/A	
POINT	TACGRP.C2GM.GNL.PNT.WPN.AIMPNT	G	*	G	*	GPWA--	AIM POINT	
POINT	TACGRP.C2GM.GNL.PNT.WPN.DRPPNT	G	*	G	*	GPWD--	DROP POINT	
POINT	TACGRP.C2GM.GNL.PNT.WPN.ENTPNT	G	*	G	*	GPWE--	ENTRY POINT	
POINT	TACGRP.C2GM.GNL.PNT.WPN.GRDZRO	G	*	G	*	GPWG--	GROUND ZERO	
POINT	TACGRP.C2GM.GNL.PNT.WPN.MSLPNT	G	*	G	*	GPWM--	MSL DETECT POINT	
POINT	TACGRP.C2GM.GNL.PNT.WPN.IMTPNT	G	*	G	*	GPWI--	IMPACT POINT	
POINT	TACGRP.C2GM.GNL.PNT.WPN.PIPNT	G	*	G	*	GPWP--	PREDICTED IMPACT POINT	
POINT	TACGRP.C2GM.GNL.PNT.FRMN	G	*	G	*	GPF---	FORMATION	
POINT	TACGRP.C2GM.GNL.PNT.HBR	G	*	G	*	GPH---	HARBOR (GENERAL)	
POINT	TACGRP.C2GM.GNL.PNT.HBR.PNTQ	G	*	G	*	GPHQ--	POINT Q	
POINT	TACGRP.C2GM.GNL.PNT.HBR.PNTA	G	*	G	*	GPHA--	POINT A	
POINT	TACGRP.C2GM.GNL.PNT.HBR.PNTY	G	*	G	*	GPHY--	POINT Y	
POINT	TACGRP.C2GM.GNL.PNT.HBR.PNTX	G	*	G	*	GPHX--	POINT X	
POINT	TACGRP.C2GM.GNL.PNT.RTE	G	*	G	*	GPO---	ROUTE	
POINT	TACGRP.C2GM.GNL.PNT.RTE.RDV	G	*	G	*	GPOZ--	RENDEZVOUS	
POINT	TACGRP.C2GM.GNL.PNT.RTE.DVSN	G	*	G	*	GPOD--	DIVERSIONS	
POINT	TACGRP.C2GM.GNL.PNT.RTE.WAP	G	*	G	*	GPOW--	WAYPOINT	
POINT	TACGRP.C2GM.GNL.PNT.RTE.PIM	G	*	G	*	GPOP--	PIM	
POINT	TACGRP.C2GM.GNL.PNT.RTE.PNTR	G	*	G	*	GPOR--	POINT R	
	TACGRP.C2GM.GNL.PNT.ACTL	G	*	G	*	GPA---	AIR CONTROL	N/A
POINT	TACGRP.C2GM.GNL.PNT.ACTL.CAP	G	*	G	*	GPAP--	COMBAT AIR PATROL (CAP)	
POINT	TACGRP.C2GM.GNL.PNT.ACTL.ABNEW	G	*	G	*	GPAW--	AIRBORNE EARLY WARNING (AEW)	
POINT	TACGRP.C2GM.GNL.PNT.ACTL.TCN	G	*	G	*	GPAT--	TACAN	
POINT	TACGRP.C2GM.GNL.PNT.ACTL.TAK	G	*	G	*	GPAK--	TANKING	
POINT	TACGRP.C2GM.GNL.PNT.ACTL.ASBWF	G	*	G	*	GPAA--	ANTISUBMARINE WARFARE, FIXED WING	
POINT	TACGRP.C2GM.GNL.PNT.ACTL.ASBWR	G	*	G	*	GPAH--	ANTISUBMARINE WARFARE, ROTARY WING	
POINT	TACGRP.C2GM.GNL.PNT.ACTL.TMC	G	*	G	*	GPAO--	TOMCAT	
POINT	TACGRP.C2GM.GNL.PNT.ACTL.RSC	G	*	G	*	GPAR--	RESCUE	
POINT	TACGRP.C2GM.GNL.PNT.ACTL.RPH	G	*	G	*	GPAL--	REPLENISH	
POINT	TACGRP.C2GM.GNL.PNT.ACTL.MRSH	G	*	G	*	GPAM--	MARSHALL	
POINT	TACGRP.C2GM.GNL.PNT.ACTL.SKEIP	G	*	G	*	GPAS--	STRIKE IP	
POINT	TACGRP.C2GM.GNL.PNT.ACTL.CRDRTB	G	*	G	*	GPAC--	CORRIDOR TAB	
POINT	TACGRP.C2GM.GNL.PNT.ACTPNT	G	*	G	*	GPP---	ACTION POINTS (GENERAL)	
POINT	TACGRP.C2GM.GNL.PNT.ACTPNT.CHKPNT	G	*	G	*	GPPK--	CHECK POINT	
POINT	TACGRP.C2GM.GNL.PNT.ACTPNT.CONPNT	G	*	G	*	GPPC--	CONTACT POINT	
POINT	TACGRP.C2GM.GNL.PNT.ACTPNT.CRDPNT	G	*	G	*	GPPO--	COORDINATION POINT	
POINT	TACGRP.C2GM.GNL.PNT.ACTPNT.DCNPNT	G	*	G	*	GPPD--	DECISION POINT	
POINT	TACGRP.C2GM.GNL.PNT.ACTPNT.LNKUPT	G	*	G	*	GPPL--	LINKUP POINT	
POINT	TACGRP.C2GM.GNL.PNT.ACTPNT.PSSPNT	G	*	G	*	GPPP--	PASSAGE POINT	
POINT	TACGRP.C2GM.GNL.PNT.ACTPNT.RAYPNT	G	*	G	*	GPPR--	RALLY POINT	
POINT	TACGRP.C2GM.GNL.PNT.ACTPNT.RELPNT	G	*	G	*	GPPE--	RELEASE POINT	
POINT	TACGRP.C2GM.GNL.PNT.ACTPNT.STRPNT	G	*	G	*	GPPS--	START POINT	
POINT	TACGRP.C2GM.GNL.PNT.ACTPNT.AMNPNT	G	*	G	*	GPPA--	AMNESTY POINT	
POINT	TACGRP.C2GM.GNL.PNT.ACTPNT.WAP	G	*	G	*	GPPW--	WAYPOINT	
	TACGRP.C2GM.GNL.LNE	G	*	G	*	GL----	LINES	N/A
	TACGRP.C2GM.GNL.LNE.BNDS	G	*	G	*	GLB---	BOUNDARIES	
	TACGRP.C2GM.GNL.LNE.FLOT	G	*	G	*	GLF---	FORWARD LINE OF OWN TROOPS (FLOT)	
	TACGRP.C2GM.GNL.LNE.LOC	G	*	G	*	GLC---	LINE OF CONTACT	
	TACGRP.C2GM.GNL.LNE.PHELNE	G	*	G	*	GLP---	PHASE LINE	
	TACGRP.C2GM.GNL.LNE.LITLNE	G	*	G	*	GLL---	LIGHT LINE	
	TACGRP.C2GM.GNL.ARS	G	*	G	*	GA----	AREAS	N/A
	TACGRP.C2GM.GNL.ARS.GENARA	G	*	G	*	GAG---	GENERAL AREA	
	TACGRP.C2GM.GNL.ARS.ABYARA	G	*	G	*	GAA---	ASSEMBLY AREA	
	TACGRP.C2GM.GNL.ARS.EMTARA	G	*	G	*	GAE---	ENGAGEMENT AREA	
	TACGRP.C2GM.GNL.ARS.FTFDAR	G	*	G	*	GAF---	FORTIFIED AREA	
	TACGRP.C2GM.GNL.ARS.DRPZ	G	*	G	*	GAD---	DROP ZONE	
	TACGRP.C2GM.GNL.ARS.EZ	G	*	G	*	GAX---	EXTRACTION ZONE (EZ)	
	TACGRP.C2GM.GNL.ARS.LZ	G	*	G	*	GAL---	LANDING ZONE (LZ)	
	TACGRP.C2GM.GNL.ARS.PZ	G	*	G	*	GAP---	PICKUP ZONE (PZ)	
	TACGRP.C2GM.GNL.ARS.SRHARA	G	*	G	*	GAS---	SEARCH AREA/RECONNAISSANCE AREA	
	TACGRP.C2GM.GNL.ARS.LAARA	G	*	G	*	GAY---	LIMITED ACCESS AREA	
	TACGRP.C2GM.GNL.ARS.AIRFZ	G	*	G	*	GAZ---	AIRFIELD ZONE	
	TACGRP.C2GM.AVN	G	*	G	*	A-----	AVIATION	N/A
	TACGRP.C2GM.AVN.PNT	G	*	G	*	AP----	POINTS	N/A
POINT	TACGRP.C2GM.AVN.PNT.ACP	G	*	G	*	APP---	AIR CONTROL POINT (ACP)	
POINT	TACGRP.C2GM.AVN.PNT.COMMCP	G	*	G	*	APC---	COMMUNICATIONS CHECKPOINT (CCP)	
POINT	TACGRP.C2GM.AVN.PNT.PUP	G	*	G	*	APU---	PULL-UP POINT (PUP)	
POINT	TACGRP.C2GM.AVN.PNT.DAPP	G	*	G	*	APD---	DOWNED AIRCREW PICKUP POINT	
	TACGRP.C2GM.AVN.LNE	G	*	G	*	AL----	LINES	N/A
	TACGRP.C2GM.AVN.LNE.ACDR	G	*	G	*	ALC---	AIR CORRIDOR	
	TACGRP.C2GM.AVN.LNE.MRR	G	*	G	*	ALM---	MINIMUM RISK ROUTE (MRR)	
	TACGRP.C2GM.AVN.LNE.SAAFR	G	*	G	*	ALS---	STANDARD-USE ARMY AIRCRAFT FLIGHT ROUTE (SAAFR)	
	TACGRP.C2GM.AVN.LNE.UAVR	G	*	G	*	ALU---	UNMANNED AERIAL VEHICLE (UAV) ROUTE	
	TACGRP.C2GM.AVN.LNE.LLTR	G	*	G	*	ALL---	LOW LEVEL TRANSIT ROUTE (LLTR)	
	TACGRP.C2GM.AVN.ARS	G	*	G	*	AA----	AREAS	N/A
	TACGRP.C2GM.AVN.ARS.ROZ	G	*	G	*	AAR---	RESTRICTED OPERATIONS ZONE (ROZ)	
	TACGRP.C2GM.AVN.ARS.FAADEZ	G	*	G	*	AAF---	FORWARD AREA AIR DEFENSE ZONE (FAADEZ)	
	TACGRP.C2GM.AVN.ARS.HIDACZ	G	*	G	*	AAH---	HIGH DENSITY AIRSPACE CONTROL ZONE (HIDACZ)	
	TACGRP.C2GM.AVN.ARS.MEZ	G	*	G	*	AAM---	MISSILE ENGAGEMENT ZONE (MEZ)	
	TACGRP.C2GM.AVN.ARS.MEZ.LAMEZ	G	*	G	*	AAML--	LOW ALTITUDE MEZ	
	TACGRP.C2GM.AVN.ARS.MEZ.HAMEZ	G	*	G	*	AAMH--	HIGH ALTITUDE MEZ	
	TACGRP.C2GM.AVN.ARS.WFZ	G	*	G	*	AAW---	WEAPONS FREE ZONE	
	TACGRP.C2GM.DCPN	G	*	G	*	P-----	DECEPTION	N/A
	TACGRP.C2GM.DCPN.DMY	G	*	G	*	PD----	DUMMY (DECEPTION/DECOY)	
	TACGRP.C2GM.DCPN.AAFF	G	*	G	*	PA----	AXIS OF ADVANCE FOR FEINT	
	TACGRP.C2GM.DCPN.DAFF	G	*	G	*	PF----	DIRECTION OF ATTACK FOR FEINT	
	TACGRP.C2GM.DCPN.DMA	G	*	G	*	PM----	DECOY MINED AREA	
	TACGRP.C2GM.DCPN.DMAF	G	*	G	*	PY----	DECOY MINED AREA, FENCED	
	TACGRP.C2GM.DCPN.DMYMS	G	*	G	*	PN----	DUMMY MINEFIELD (STATIC)	
	TACGRP.C2GM.DCPN.DMYMD	G	*	G	*	PC----	DUMMY MINEFIELD (DYNAMIC)	
	TACGRP.C2GM.DEF	G	*	G	*	D-----	DEFENSE	N/A
	TACGRP.C2GM.DEF.PNT	G	*	G	*	DP----	POINTS	N/A
POINT	TACGRP.C2GM.DEF.PNT.TGTREF	G	*	G	*	DPT---	TARGET REFERENCE POINT (TRP)	
POINT	TACGRP.C2GM.DEF.PNT.OBSPST	G	*	G	*	DPO---	OBSERVATION POST/OUTPOST	
POINT	TACGRP.C2GM.DEF.PNT.OBSPST.CBTPST	G	*	G	*	DPOC--	COMBAT OUTPOST	
POINT	TACGRP.C2GM.DEF.PNT.OBSPST.RECON	G	*	G	*	DPOR--	OBSERVATION POST OCCUPIED BY DISMOUNTED SCOUTS OR RECONNAISSANCE	
POINT	TACGRP.C2GM.DEF.PNT.OBSPST.FWDOP	G	*	G	*	DPOF--	FORWARD OBSERVER POSITION	
POINT	TACGRP.C2GM.DEF.PNT.OBSPST.SOP	G	*	G	*	DPOS--	SENSOR OUTPOST/LISTENING POST (OP/LP)	
POINT	TACGRP.C2GM.DEF.PNT.OBSPST.NBCOP	G	*	G	*	DPON--	NBC OBSERVATION POST (DISMOUNTED)	
	TACGRP.C2GM.DEF.LNE	G	*	G	*	DL----	LINES	N/A
	TACGRP.C2GM.DEF.LNE.FEBA	G	*	G	*	DLF---	FORWARD EDGE OF BATTLE AREA (FEBA)	
	TACGRP.C2GM.DEF.LNE.PDF	G	*	G	*	DLP---	PRINCIPAL DIRECTION OF FIRE (PDF)	
	TACGRP.C2GM.DEF.ARS	G	*	G	*	DA----	AREAS	N/A
	TACGRP.C2GM.DEF.ARS.BTLPSN	G	*	G	*	DAB---	BATTLE POSITION	
	TACGRP.C2GM.DEF.ARS.BTLPSN.PBNO	G	*	G	*	DABP--	PREPARED BUT NOT OCCUPIED	
	TACGRP.C2GM.DEF.ARS.EMTARA	G	*	G	*	DAE---	ENGAGEMENT AREA	
	TACGRP.C2GM.OFF	G	*	G	*	O-----	OFFENSE	N/A
	TACGRP.C2GM.OFF.PNT	G	*	G	*	OP----	POINTS	N/A
POINT	TACGRP.C2GM.OFF.PNT.PNTD	G	*	G	*	OPP---	POINT OF DEPARTURE	
	TACGRP.C2GM.OFF.LNE	G	*	G	*	OL----	LINES	N/A
	TACGRP.C2GM.OFF.LNE.AXSADV	G	*	G	*	OLA---	AXIS OF ADVANCE	N/A
	TACGRP.C2GM.OFF.LNE.AXSADV.AVN	G	*	G	*	OLAV--	AVIATION	
	TACGRP.C2GM.OFF.LNE.AXSADV.ABN	G	*	G	*	OLAA--	AIRBORNE	
	TACGRP.C2GM.OFF.LNE.AXSADV.ATK	G	*	G	*	OLAR--	ATTACK, ROTARY WING	
	TACGRP.C2GM.OFF.LNE.AXSADV.GRD	G	*	G	*	OLAG--	GROUND	N/A
	TACGRP.C2GM.OFF.LNE.AXSADV.GRD.MANATK	G	*	G	*	OLAGM-	MAIN ATTACK	
	TACGRP.C2GM.OFF.LNE.AXSADV.GRD.SUPATK	G	*	G	*	OLAGS-	SUPPORTING ATTACK	
	TACGRP.C2GM.OFF.LNE.DIRATK	G	*	G	*	OLK---	DIRECTION OF ATTACK	N/A
	TACGRP.C2GM.OFF.LNE.DIRATK.AVN	G	*	G	*	OLKA--	AVIATION	
	TACGRP.C2GM.OFF.LNE.DIRATK.GRD	G	*	G	*	OLKG--	GROUND	N/A
	TACGRP.C2GM.OFF.LNE.DIRATK.GRD.MANATK	G	*	G	*	OLKGM-	MAIN ATTACK	
	TACGRP.C2GM.OFF.LNE.DIRATK.GRD.SUPATK	G	*	G	*	OLKGS-	SUPPORTING ATTACK	
	TACGRP.C2GM.OFF.LNE.FCL	G	*	G	*	OLF---	FINAL COORDINATION LINE	
	TACGRP.C2GM.OFF.LNE.INFNLE	G	*	G	*	OLI---	INFILTRATION LANE	
	TACGRP.C2GM.OFF.LNE.LMTADV	G	*	G	*	OLL---	LIMIT OF ADVANCE	
	TACGRP.C2GM.OFF.LNE.LD	G	*	G	*	OLT---	LINE OF DEPARTURE	
	TACGRP.C2GM.OFF.LNE.LDLC	G	*	G	*	OLC---	LINE OF DEPARTURE/LINE OF CONTACT (LD/LC)	
	TACGRP.C2GM.OFF.LNE.PLD	G	*	G	*	OLP---	PROBABLE LINE OF DEPLOYMENT (PLD)	
	TACGRP.C2GM.OFF.ARS	G	*	G	*	OA----	AREAS	N/A
	TACGRP.C2GM.OFF.ARS.ASTPSN	G	*	G	*	OAA---	ASSAULT POSITION	
	TACGRP.C2GM.OFF.ARS.ATKPSN	G	*	G	*	OAK---	ATTACK POSITION	
	TACGRP.C2GM.OFF.ARS.AFP	G	*	G	*	OAF---	ATTACK BY FIRE POSITION	
	TACGRP.C2GM.OFF.ARS.SFP	G	*	G	*	OAS---	SUPPORT BY FIRE POSITION	
	TACGRP.C2GM.OFF.ARS.OBJ	G	*	G	*	OAO---	OBJECTIVE	
	TACGRP.C2GM.OFF.ARS.PBX	G	*	G	*	OAP---	PENETRATION BOX	
	TACGRP.C2GM.SPL	G	*	G	*	S-----	SPECIAL	N/A	
	TACGRP.C2GM.SPL.LNE	G	*	G	*	SL----	LINE	N/A
	TACGRP.C2GM.SPL.LNE.AMB	G	*	G	*	SLA---	AMBUSH	
	TACGRP.C2GM.SPL.LNE.HGL	G	*	G	*	SLH---	HOLDING LINE	
	TACGRP.C2GM.SPL.LNE.REL	G	*	G	*	SLR---	RELEASE LINE	
	TACGRP.C2GM.SPL.LNE.BRGH	G	*	G	*	SLB---	BRIDGEHEAD	
	TACGRP.C2GM.SPL.ARA	G	*	G	*	SA----	AREA	N/A
	TACGRP.C2GM.SPL.ARA.AOO	G	*	G	*	SAO---	AREA OF OPERATIONS (AO)	
	TACGRP.C2GM.SPL.ARA.AHD	G	*	G	*	SAA---	AIRHEAD	
	TACGRP.C2GM.SPL.ARA.ENCMT	G	*	G	*	SAE---	ENCIRCLEMENT	
	TACGRP.C2GM.SPL.ARA.NAI	G	*	G	*	SAN---	NAMED AREA OF INTEREST (NAI)	
	TACGRP.C2GM.SPL.ARA.TAI	G	*	G	*	SAT---	TARGETED AREA OF INTEREST (TAI)	
	TACGRP.MOBSU	G	*	M	*	------	MOBILITY/SURVIVABILITY	N/A
	TACGRP.MOBSU.OBST	G	*	M	*	O-----	OBSTACLES	N/A
	TACGRP.MOBSU.OBST.GNL	G	*	M	*	OG----	GENERAL	N/A
	TACGRP.MOBSU.OBST.GNL.BLT	G	*	M	*	OGB---	BELT	
	TACGRP.MOBSU.OBST.GNL.LNE	G	*	M	*	OGL---	LINE	
	TACGRP.MOBSU.OBST.GNL.Z	G	*	M	*	OGZ---	ZONE	
	TACGRP.MOBSU.OBST.GNL.OFA	G	*	M	*	OGF---	OBSTACLE FREE AREA	
	TACGRP.MOBSU.OBST.GNL.ORA	G	*	M	*	OGR---	OBSTACLE RESTRICTED AREA	
	TACGRP.MOBSU.OBST.ABS	G	*	M	*	OS----	ABATIS	
	TACGRP.MOBSU.OBST.ATO	G	*	M	*	OA----	ANTITANK OBSTACLES	N/A
	TACGRP.MOBSU.OBST.ATO.ATD	G	*	M	*	OAD---	ANTITANK DITCH	N/A
	TACGRP.MOBSU.OBST.ATO.ATD.ATDUC	G	*	M	*	OADU--	UNDER CONSTRUCTION	
	TACGRP.MOBSU.OBST.ATO.ATD.ATDC	G	*	M	*	OADC--	COMPLETE	
	TACGRP.MOBSU.OBST.ATO.ATDATM	G	*	M	*	OAR---	ANTITANK DITCH REINFORCED WITH ANTITANK MINES	
	TACGRP.MOBSU.OBST.ATO.TDTSM	G	*	M	*	OAO---	ANTITANK OBSTACLES: TETRAHEDRONS, DRAGONS TEETH, AND OTHER SIMILAR OBSTACLES	N/A	
POINT	TACGRP.MOBSU.OBST.ATO.TDTSM.FIXPFD	G	*	M	*	OAOF--	FIXED AND PREFABRICATED	
POINT	TACGRP.MOBSU.OBST.ATO.TDTSM.MVB	G	*	M	*	OAOM--	MOVEABLE	
POINT	TACGRP.MOBSU.OBST.ATO.TDTSM.MVBPFD	G	*	M	*	OAOP--	MOVEABLE AND PREFABRICATED	
	TACGRP.MOBSU.OBST.ATO.ATW	G	*	M	*	OAW---	ANTITANK WALL	
POINT	TACGRP.MOBSU.OBST.BBY	G	*	M	*	OB----	BOOBY TRAP	
	TACGRP.MOBSU.OBST.MNE	G	*	M	*	OM----	MINES	N/A
POINT	TACGRP.MOBSU.OBST.MNE.USPMNE	G	*	M	*	OMU---	UNSPECIFIED MINE	
POINT	TACGRP.MOBSU.OBST.MNE.ATMNE	G	*	M	*	OMT---	ANTITANK MINE (AT)	
POINT	TACGRP.MOBSU.OBST.MNE.ATMAHD	G	*	M	*	OMD---	ANTITANK MINE WITH ANTIHANDLING DEVICE	
POINT	TACGRP.MOBSU.OBST.MNE.ATMDIR	G	*	M	*	OME---	ANTITANK MINE (DIRECTIONAL)	
POINT	TACGRP.MOBSU.OBST.MNE.APMNE	G	*	M	*	OMP---	ANTIPERSONNEL (AP) MINES	
POINT	TACGRP.MOBSU.OBST.MNE.WAMNE	G	*	M	*	OMW---	WIDE AREA MINES	
	TACGRP.MOBSU.OBST.MNE.MCLST	G	*	M	*	OMC---	MINE CLUSTER	
	TACGRP.MOBSU.OBST.MNEFLD	G	*	M	*	OF----	MINEFIELDS	N/A
POINT	TACGRP.MOBSU.OBST.MNEFLD.STC	G	*	M	*	OFS---	STATIC DEPICTION	
	TACGRP.MOBSU.OBST.MNEFLD.DYN	G	*	M	*	OFD---	DYNAMIC DEPICTION	
	TACGRP.MOBSU.OBST.MNEFLD.GAP	G	*	M	*	OFG---	GAP	
	TACGRP.MOBSU.OBST.MNEFLD.MNDARA	G	*	M	*	OFA---	MINED AREA	
	TACGRP.MOBSU.OBST.OBSEFT	G	*	M	*	OE----	OBSTACLE EFFECT	N/A
	TACGRP.MOBSU.OBST.OBSEFT.BLK	G	*	M	*	OEB---	BLOCK	
	TACGRP.MOBSU.OBST.OBSEFT.FIX	G	*	M	*	OEF---	FIX	
	TACGRP.MOBSU.OBST.OBSEFT.TUR	G	*	M	*	OET---	TURN	
	TACGRP.MOBSU.OBST.OBSEFT.DRT	G	*	M	*	OED---	DISRUPT	
	TACGRP.MOBSU.OBST.UXO	G	*	M	*	OU----	UNEXPLODED ORDNANCE AREA (UXO)	
	TACGRP.MOBSU.OBST.RCBB	G	*	M	*	OR----	ROADBLOCKS, CRATERS, AND BLOWN BRIDGES	N/A
	TACGRP.MOBSU.OBST.RCBB.PLND	G	*	M	*	ORP---	PLANNED	
	TACGRP.MOBSU.OBST.RCBB.SAFE	G	*	M	*	ORS---	EXPLOSIVES, STATE OF READINESS 1 (SAFE)	
	TACGRP.MOBSU.OBST.RCBB.ABP	G	*	M	*	ORA---	EXPLOSIVES, STATE OF READINESS 2 (ARMED-BUT PASSABLE)	
	TACGRP.MOBSU.OBST.RCBB.EXCD	G	*	M	*	ORC---	ROADBLOCK COMPLETE (EXECUTED)	
	TACGRP.MOBSU.OBST.TRIPWR	G	*	M	*	OT----	TRIP WIRE	
	TACGRP.MOBSU.OBST.WREOBS	G	*	M	*	OW----	WIRE OBSTACLE	N/A
	TACGRP.MOBSU.OBST.WREOBS.USP	G	*	M	*	OWU---	UNSPECIFIED	
	TACGRP.MOBSU.OBST.WREOBS.SNGFNC	G	*	M	*	OWS---	SINGLE FENCE	
	TACGRP.MOBSU.OBST.WREOBS.DBLFNC	G	*	M	*	OWD---	DOUBLE FENCE	
	TACGRP.MOBSU.OBST.WREOBS.DAFNC	G	*	M	*	OWA---	DOUBLE APRON FENCE	
	TACGRP.MOBSU.OBST.WREOBS.LWFNC	G	*	M	*	OWL---	LOW WIRE FENCE	
	TACGRP.MOBSU.OBST.WREOBS.HWFNC	G	*	M	*	OWH---	HIGH WIRE FENCE	
	TACGRP.MOBSU.OBST.WREOBS.CCTA	G	*	M	*	OWC---	CONCERTINA	N/A
	TACGRP.MOBSU.OBST.WREOBS.CCTA.SNG	G	*	M	*	OWCS--	SINGLE CONCERTINA	
	TACGRP.MOBSU.OBST.WREOBS.CCTA.DBLSTD	G	*	M	*	OWCD--	DOUBLE STRAND CONCERTINA	
	TACGRP.MOBSU.OBST.WREOBS.CCTA.TRISTD	G	*	M	*	OWCT--	TRIPLE STRAND CONCERTINA	
	TACGRP.MOBSU.OBSTBP	G	*	M	*	B-----	OBSTACLE BYPASS	N/A	
	TACGRP.MOBSU.OBSTBP.DFTY	G	*	M	*	BD----	OBSTACLE BYPASS DIFFICULTY	N/A
	TACGRP.MOBSU.OBSTBP.DFTY.ESY	G	*	M	*	BDE---	BYPASS EASY	
	TACGRP.MOBSU.OBSTBP.DFTY.DFT	G	*	M	*	BDD---	BYPASS DIFFICULT	
	TACGRP.MOBSU.OBSTBP.DFTY.IMP	G	*	M	*	BDI---	BYPASS IMPOSSIBLE	
	TACGRP.MOBSU.OBSTBP.CSGSTE	G	*	M	*	BC----	CROSSING SITE/WATER CROSSING	N/A
	TACGRP.MOBSU.OBSTBP.CSGSTE.ASTCA	G	*	M	*	BCA---	ASSAULT CROSSING AREA	
	TACGRP.MOBSU.OBSTBP.CSGSTE.BRG	G	*	M	*	BCB---	BRIDGE OR GAP	
	TACGRP.MOBSU.OBSTBP.CSGSTE.FRY	G	*	M	*	BCF---	FERRY	
	TACGRP.MOBSU.OBSTBP.CSGSTE.FRDESY	G	*	M	*	BCE---	FORD EASY	
	TACGRP.MOBSU.OBSTBP.CSGSTE.FRDDFT	G	*	M	*	BCD---	FORD DIFFICULT	
	TACGRP.MOBSU.OBSTBP.CSGSTE.LANE	G	*	M	*	BCL---	LANE	
	TACGRP.MOBSU.OBSTBP.CSGSTE.RFT	G	*	M	*	BCR---	RAFT SITE	
POINT	TACGRP.MOBSU.OBSTBP.CSGSTE.ERP	G	*	M	*	BCP---	ENGINEER REGULATING POINT	
	TACGRP.MOBSU.SU	G	*	M	*	S-----	SURVIVABILITY	N/A
POINT	TACGRP.MOBSU.SU.ESTOF	G	*	M	*	SE----	EARTHWORK, SMALL TRENCH OR FORTIFICATION	
POINT	TACGRP.MOBSU.SU.FRT	G	*	M	*	SF----	FORT	
	TACGRP.MOBSU.SU.FTFDLN	G	*	M	*	SL----	FORTIFIED LINE	
	TACGRP.MOBSU.SU.FEWS	G	*	M	*	SW----	FOXHOLE, EMPLACEMENT OR WEAPON SITE	
	TACGRP.MOBSU.SU.STRGPT	G	*	M	*	SP----	STRONG POINT	
POINT	TACGRP.MOBSU.SU.SUFSHL	G	*	M	*	SS----	SURFACE SHELTER	
POINT	TACGRP.MOBSU.SU.UGDSHL	G	*	M	*	SU----	UNDERGROUND SHELTER	
	TACGRP.MOBSU.NBC	G	*	M	*	N-----	NUCLEAR, BIOLOGICAL AND CHEMICAL	N/A
	TACGRP.MOBSU.NBC.MSDZ	G	*	M	*	NM----	MINIMUM SAFE DISTANCE ZONES	
POINT	TACGRP.MOBSU.NBC.NDGZ	G	*	M	*	NZ----	NUCLEAR DETINATIONS GROUND ZERO	
POINT	TACGRP.MOBSU.NBC.FAOTP	G	*	M	*	NF----	FALLOUT PRODUCING	
	TACGRP.MOBSU.NBC.RADA	G	*	M	*	NR----	RADIOACTIVE AREA	
	TACGRP.MOBSU.NBC.BIOCA	G	*	M	*	NB----	BIOLOGICALLY CONTAMINATED AREA	
	TACGRP.MOBSU.NBC.CMLCA	G	*	M	*	NC----	CHEMICALLY CONTAMINATED AREA	
	TACGRP.MOBSU.NBC.REEVNT	G	*	M	*	NE----	RELEASE EVENTS	N/A
POINT	TACGRP.MOBSU.NBC.REEVNT.BIO	G	*	M	*	NEB---	BIOLOGICAL	
POINT	TACGRP.MOBSU.NBC.REEVNT.CML	G	*	M	*	NEC---	CHEMICAL	
	TACGRP.MOBSU.NBC.DECONP	G	*	M	*	ND----	DECONTAMINATION (DECON) POINTS	N/A
POINT	TACGRP.MOBSU.NBC.DECONP.USP	G	*	M	*	NDP---	DECON SITE/POINT (UNSPECIFIED)	
POINT	TACGRP.MOBSU.NBC.DECONP.ALTUSP	G	*	M	*	NDA---	ALTERNATE DECON SITE/POINT (UNSPECIFIED)	
POINT	TACGRP.MOBSU.NBC.DECONP.TRP	G	*	M	*	NDT---	DECON SITE/POINT (TROOPS)	
POINT	TACGRP.MOBSU.NBC.DECONP.EQT	G	*	M	*	NDE---	DECON SITE/POINT (EQUIPMENT)	
POINT	TACGRP.MOBSU.NBC.DECONP.EQTTRP	G	*	M	*	NDB---	DECON SITE/POINT (EQUIPMENT AND TROOPS)	
POINT	TACGRP.MOBSU.NBC.DECONP.OPDECN	G	*	M	*	NDO---	DECON SITE/POINT (OPERATIONAL DECONTAMINATION)	
	TACGRP.MOBSU.NBC.DECONP.TRGH	G	*	M	*	NDD---	DECON SITE/POINT (THOROUGH DECONTAMINATION)	
	TACGRP.MOBSU.NBC.DRCL	G	*	M	*	NL----	DOSE RATE CONTOUR LINES	
	TACGRP.FSUPP	G	*	F	*	------	FIRE SUPPORT	N/A
	TACGRP.FSUPP.PNT	G	*	F	*	P-----	POINT	N/A
	TACGRP.FSUPP.PNT.TGT	G	*	F	*	PT----	TARGET	N/A
POINT	TACGRP.FSUPP.PNT.TGT.PTGT	G	*	F	*	PTS---	POINT/SINGLE TARGET	
POINT	TACGRP.FSUPP.PNT.TGT.NUCTGT	G	*	F	*	PTN---	NUCLEAR TARGET	
	TACGRP.FSUPP.PNT.C2PNT	G	*	F	*	PC----	COMMAND & CONTROL POINTS	N/A
POINT	TACGRP.FSUPP.PNT.C2PNT.FSS	G	*	F	*	PCF---	FIRE SUPPORT STATION	
POINT	TACGRP.FSUPP.PNT.C2PNT.SCP	G	*	F	*	PCS---	SURVEY CONTROL POINT	
POINT	TACGRP.FSUPP.PNT.C2PNT.FP	G	*	F	*	PCB---	FIRING POINT	
POINT	TACGRP.FSUPP.PNT.C2PNT.RP	G	*	F	*	PCR---	RELOAD POINT	
POINT	TACGRP.FSUPP.PNT.C2PNT.HP	G	*	F	*	PCH---	HIDE POINT	
POINT	TACGRP.FSUPP.PNT.C2PNT.LP	G	*	F	*	PCL---	LAUNCH POINT	
	TACGRP.FSUPP.LNE	G	*	F	*	L-----	LINES	N/A
	TACGRP.FSUPP.LNE.LNRTGT	G	*	F	*	LT----	LINEAR TARGET	
	TACGRP.FSUPP.LNE.LNRTGT.LSTGT	G	*	F	*	LTS---	LINEAR SMOKE TARGET	
	TACGRP.FSUPP.LNE.LNRTGT.FPF	G	*	F	*	LTF---	FINAL PROTECTIVE FIRE (FPF)	
	TACGRP.FSUPP.LNE.C2LNE	G	*	F	*	LC----	COMMAND & CONTROL LINES	N/A
	TACGRP.FSUPP.LNE.C2LNE.FSCL	G	*	F	*	LCF---	FIRE SUPPORT COORDINATION LINE (FSCL)	
	TACGRP.FSUPP.LNE.C2LNE.CFL	G	*	F	*	LCC---	COORDINATED FIRE LINE (CFL)	
	TACGRP.FSUPP.LNE.C2LNE.NFL	G	*	F	*	LCN---	NO-FIRE LINE (NFL)	
	TACGRP.FSUPP.LNE.C2LNE.RFL	G	*	F	*	LCR---	RESTRICTIVE FIRE LINE (RFL)	
	TACGRP.FSUPP.ARS	G	*	F	*	A-----	AREAS	N/A
	TACGRP.FSUPP.ARS.ARATGT	G	*	F	*	AT----	AREA TARGET	
	TACGRP.FSUPP.ARS.ARATGT.RTGTGT	G	*	F	*	ATR---	RECTANGULAR TARGET	
	TACGRP.FSUPP.ARS.ARATGT.CIRTGT	G	*	F	*	ATC---	CIRCULAR TARGET	
	TACGRP.FSUPP.ARS.ARATGT.SGTGT	G	*	F	*	ATG---	SERIES OR GROUP OF TARGETS	
	TACGRP.FSUPP.ARS.ARATGT.SMK	G	*	F	*	ATS---	SMOKE	
	TACGRP.FSUPP.ARS.ARATGT.BMARA	G	*	F	*	ATB---	BOMB AREA	
	TACGRP.FSUPP.ARS.C2ARS	G	*	F	*	AC----	COMMAND & CONTROL AREAS	N/A
	TACGRP.FSUPP.ARS.C2ARS.FSA	G	*	F	*	ACS---	FIRE SUPPORT AREA (FSA)	N/A
	TACGRP.FSUPP.ARS.C2ARS.FSA.IRR	G	*	F	*	ACSI--	FIRE SUPPORT AREA (FSA), IRREGULAR	
	TACGRP.FSUPP.ARS.C2ARS.FSA.RTG	G	*	F	*	ACSR--	FIRE SUPPORT AREA (FSA), RECTANGULAR	
	TACGRP.FSUPP.ARS.C2ARS.FSA.CIRCLR	G	*	F	*	ACSC--	FIRE SUPPORT AREA (FSA), CIRCULAR	
	TACGRP.FSUPP.ARS.C2ARS.ACA	G	*	F	*	ACA---	AIRSPACE COORDINATION AREA (ACA)	N/A
	TACGRP.FSUPP.ARS.C2ARS.ACA.IRR	G	*	F	*	ACAI--	AIRSPACE COORDINATION AREA (ACA), IRREGULAR	
	TACGRP.FSUPP.ARS.C2ARS.ACA.RTG	G	*	F	*	ACAR--	AIRSPACE COORDINATION AREA (ACA), RECTANGULAR	
	TACGRP.FSUPP.ARS.C2ARS.ACA.CIRCLR	G	*	F	*	ACAC--	AIRSPACE COORDINATION AREA (ACA), CIRCULAR	
	TACGRP.FSUPP.ARS.C2ARS.FFA	G	*	F	*	ACF---	FREE FIRE AREA (FFA)	N/A
	TACGRP.FSUPP.ARS.C2ARS.FFA.IRR	G	*	F	*	ACFI--	FREE FIRE AREA (FFA), IRREGULAR	
	TACGRP.FSUPP.ARS.C2ARS.FFA.RTG	G	*	F	*	ACFR--	FREE FIRE AREA (FFA), RECTANGULAR	
	TACGRP.FSUPP.ARS.C2ARS.FFA.CIRCLR	G	*	F	*	ACFC--	FREE FIRE AREA (FFA), CIRCULAR	
	TACGRP.FSUPP.ARS.C2ARS.NFA	G	*	F	*	ACN---	NO-FIRE AREA (NFA)	N/A
	TACGRP.FSUPP.ARS.C2ARS.NFA.IRR	G	*	F	*	ACNI--	NO FIRE AREA (NFA), IRREGULAR	
	TACGRP.FSUPP.ARS.C2ARS.NFA.RTG	G	*	F	*	ACNR--	NO FIRE AREA (NFA), RECTANGULAR	
	TACGRP.FSUPP.ARS.C2ARS.NFA.CIRCLR	G	*	F	*	ACNC--	NO FIRE AREA (NFA), CIRCULAR	
	TACGRP.FSUPP.ARS.C2ARS.RFA	G	*	F	*	ACR---	RESTRICTIVE FIRE AREA (RFA)	N/A
	TACGRP.FSUPP.ARS.C2ARS.RFA.IRR	G	*	F	*	ACRI--	RESTRICTIVE FIRE AREA (RFA), IRREGULAR	
	TACGRP.FSUPP.ARS.C2ARS.RFA.RTG	G	*	F	*	ACRR--	RESTRICTIVE FIRE AREA (RFA), RECTANGULAR	
	TACGRP.FSUPP.ARS.C2ARS.RFA.CIRCLR	G	*	F	*	ACRC--	RESTRICTIVE FIRE AREA (RFA), CIRCULAR	
	TACGRP.FSUPP.ARS.C2ARS.PAA	G	*	F	*	ACP---	POSITION AREA FOR ARTILLERY (PAA)	N/A
	TACGRP.FSUPP.ARS.C2ARS.PAA.RTG	G	*	F	*	ACPR--	POSITION AREA FOR ARTILLERY (PAA), RECTANGULAR	
	TACGRP.FSUPP.ARS.C2ARS.PAA.CIRCLR	G	*	F	*	ACPC--	POSITION AREA FOR ARTILLERY (PAA), CIRCULAR	
	TACGRP.FSUPP.ARS.TGTAQZ	G	*	F	*	AZ----	TARGET ACQUISTION ZONES	N/A
	TACGRP.FSUPP.ARS.TGTAQZ.ATIZ	G	*	F	*	AZI---	ARTILLERY TARGET INTELLIGENCE (ATI) ZONE	N/A
	TACGRP.FSUPP.ARS.TGTAQZ.ATIZ.IRR	G	*	F	*	AZII--	ARTILLERY TARGET INTELLIGENCE (ATI) ZONE, IRREGULAR	
	TACGRP.FSUPP.ARS.TGTAQZ.ATIZ.RTG	G	*	F	*	AZIR--	ARTILLERY TARGET INTELLIGENCE (ATI) ZONE, RECTANGULAR	
	TACGRP.FSUPP.ARS.TGTAQZ.ATIZ.CIRCLR	G	*	F	*	AZIC--	ARTILLERY TARGET INTELLIGENCE (ATI) ZONE, CIRCULAR	
	TACGRP.FSUPP.ARS.TGTAQZ.CFFZ	G	*	F	*	AZX---	CALL FOR FIRE ZONE (CFFZ)	N/A
	TACGRP.FSUPP.ARS.TGTAQZ.CFFZ.IRR	G	*	F	*	AZXI--	CALL FOR FIRE ZONE (CFFZ), IRREGULAR	
	TACGRP.FSUPP.ARS.TGTAQZ.CFFZ.RTG	G	*	F	*	AZXR--	CALL FOR FIRE ZONE (CFFZ), RECTANGULAR	
	TACGRP.FSUPP.ARS.TGTAQZ.CFFZ.CIRCLR	G	*	F	*	AZXC--	CALL FOR FIRE ZONE (CFFZ), CIRCULAR	
	TACGRP.FSUPP.ARS.TGTAQZ.SNSZ	G	*	F	*	AZS---	SENSOR ZONE	N/A
	TACGRP.FSUPP.ARS.TGTAQZ.SNSZ.IRR	G	*	F	*	AZSI--	SENSOR ZONE, IRREGULAR	
	TACGRP.FSUPP.ARS.TGTAQZ.SNSZ.RTG	G	*	F	*	AZSR--	SENSOR ZONE, RECTANGULAR	
	TACGRP.FSUPP.ARS.TGTAQZ.SNSZ.CIRCLR	G	*	F	*	AZSC--	SENSOR ZONE, CIRCULAR	
	TACGRP.FSUPP.ARS.TGTAQZ.CNS	G	*	F	*	AZC---	CENSOR ZONE	N/A
	TACGRP.FSUPP.ARS.TGTAQZ.CNS.IRR	G	*	F	*	AZCI--	CENSOR ZONE, IRREGULAR	
	TACGRP.FSUPP.ARS.TGTAQZ.CNS.RTG	G	*	F	*	AZCR--	CENSOR ZONE, RECTANGULAR	
	TACGRP.FSUPP.ARS.TGTAQZ.CNS.CIRCLR	G	*	F	*	AZCC--	CENSOR ZONE, CIRCULAR	
	TACGRP.FSUPP.ARS.TGTAQZ.DA	G	*	F	*	AZD---	DEAD SPACE AREA (DA)	N/A
	TACGRP.FSUPP.ARS.TGTAQZ.DA.IRR	G	*	F	*	AZDI--	DEAD SPACE AREA (DA), IRREGULAR	
	TACGRP.FSUPP.ARS.TGTAQZ.DA.RTG	G	*	F	*	AZDR--	DEAD SPACE AREA (DA), RECTANGULAR	
	TACGRP.FSUPP.ARS.TGTAQZ.DA.CIRCLR	G	*	F	*	AZDC--	DEAD SPACE AREA (DA), CIRCULAR	
	TACGRP.FSUPP.ARS.TGTAQZ.CFZ	G	*	F	*	AZF---	CRITICAL FRIENDLY ZONE (CFZ)	N/A
	TACGRP.FSUPP.ARS.TGTAQZ.CFZ.IRR	G	*	F	*	AZFI--	CRITICAL FRIENDLY ZONE (CFZ), IRREGULAR	
	TACGRP.FSUPP.ARS.TGTAQZ.CFZ.RTG	G	*	F	*	AZFR--	CRITICAL FRIENDLY ZONE (CFZ), RECTANGULAR	
	TACGRP.FSUPP.ARS.TGTAQZ.CFZ.CIRCLR	G	*	F	*	AZFC--	CRITICAL FRIENDLY ZONE (CFZ), CIRCULAR	
	TACGRP.FSUPP.ARS.TGTAQZ.ZOR	G	*	F	*	AZZ---	ZONE OF RESPONSIBILITY (ZOR)	N/A
	TACGRP.FSUPP.ARS.TGTAQZ.ZOR.IRR	G	*	F	*	AZZI--	ZONE OF RESPONSIBILITY (ZOR), IRREGULAR	
	TACGRP.FSUPP.ARS.TGTAQZ.ZOR.RTG	G	*	F	*	AZZR--	ZONE OF RESPONSIBILITY (ZOR), RECTANGULAR	
	TACGRP.FSUPP.ARS.TGTAQZ.ZOR.CIRCLR	G	*	F	*	AZZC--	ZONE OF RESPONSIBILITY (ZOR), CIRCULAR	
	TACGRP.FSUPP.ARS.TGTAQZ.TBA	G	*	F	*	AZB---	TARGET BUILD-UP AREA (TBA)	N/A
	TACGRP.FSUPP.ARS.TGTAQZ.TBA.IRR	G	*	F	*	AZBI--	TARGET BUILD UP AREA (TBA), IRREGULAR	
	TACGRP.FSUPP.ARS.TGTAQZ.TBA.RTG	G	*	F	*	AZBR--	TARGET BUILD UP AREA (TBA), RECTANGULAR	
	TACGRP.FSUPP.ARS.TGTAQZ.TBA.CIRCLR	G	*	F	*	AZBC--	TARGET BUILD UP AREA (TBA), CIRCULAR	
	TACGRP.FSUPP.ARS.TGTAQZ.TVAR	G	*	F	*	AZV---	TARGET VALUE AREA (TVAR)	N/A
	TACGRP.FSUPP.ARS.TGTAQZ.TVAR.IRR	G	*	F	*	AZVI--	TARGET VALUE AREA (TVAR), IRREGULAR	
	TACGRP.FSUPP.ARS.TGTAQZ.TVAR.RTG	G	*	F	*	AZVR--	TARGET VALUE AREA (TVAR), RECTANGULAR	
	TACGRP.FSUPP.ARS.TGTAQZ.TVAR.CIRCLR	G	*	F	*	AZVC--	TARGET VALUE AREA (TVAR), CIRCULAR	
	TACGRP.FSUPP.ARS.WPNRF	G	*	F	*	AX----	WEAPONS/RADAR RANGE FANS	N/A
	TACGRP.FSUPP.ARS.WPNRF.CIRCLR	G	*	F	*	AXC---	WEAPONS/RADAR RANGE FANS, CIRCULAR	
	TACGRP.FSUPP.ARS.WPNRF.SCR	G	*	F	*	AXS---	WEAPONS/RADAR RANGE FANS, SECTOR	
	TACGRP.CSS	G	*	S	*	------	COMBAT SERVICE SUPPORT	N/A
	TACGRP.CSS.PNT	G	*	S	*	P-----	POINTS	N/A
POINT	TACGRP.CSS.PNT.AEP	G	*	S	*	PX----	AMBULANCE EXCHANGE POINT	
POINT	TACGRP.CSS.PNT.CBNP	G	*	S	*	PC----	CANNIBALIZATION POINT	
POINT	TACGRP.CSS.PNT.CCP	G	*	S	*	PY----	CASUALTY COLLECTION POINT	
POINT	TACGRP.CSS.PNT.CVP	G	*	S	*	PT----	CIVILIAN COLLECTION POINT	
POINT	TACGRP.CSS.PNT.DCP	G	*	S	*	PD----	DETAINEE COLLECTION POINT	
POINT	TACGRP.CSS.PNT.EPWCP	G	*	S	*	PE----	ENEMY PRISONER OF WAR (EPW) COLLECTION POINT	
POINT	TACGRP.CSS.PNT.LRP	G	*	S	*	PL----	LOGISTICS RELEASE POINT (LRP)	
POINT	TACGRP.CSS.PNT.MCP	G	*	S	*	PM----	MAINTENANCE COLLECTION POINT	
POINT	TACGRP.CSS.PNT.RRRP	G	*	S	*	PR----	REARM, REFUEL AND RESUPPLY POINT	
POINT	TACGRP.CSS.PNT.ROM	G	*	S	*	PU----	REFUEL ON THE MOVE (ROM) POINT	
POINT	TACGRP.CSS.PNT.TCP	G	*	S	*	PO----	TRAFFIC CONTROL POST (TCP)	
POINT	TACGRP.CSS.PNT.TTP	G	*	S	*	PI----	TRAILER TRANSFER POINT	
POINT	TACGRP.CSS.PNT.UMC	G	*	S	*	PN----	UNIT MAINTENANCE COLLECTION POINT	
	TACGRP.CSS.PNT.SPT	G	*	S	*	PS----	SUPPLY POINTS	N/A
POINT	TACGRP.CSS.PNT.SPT.GNL	G	*	S	*	PSZ---	GENERAL	
POINT	TACGRP.CSS.PNT.SPT.CLS1	G	*	S	*	PSA---	CLASS I	
POINT	TACGRP.CSS.PNT.SPT.CLS2	G	*	S	*	PSB---	CLASS II	
POINT	TACGRP.CSS.PNT.SPT.CLS3	G	*	S	*	PSC---	CLASS III	
POINT	TACGRP.CSS.PNT.SPT.CLS4	G	*	S	*	PSD---	CLASS IV	
POINT	TACGRP.CSS.PNT.SPT.CLS5	G	*	S	*	PSE---	CLASS V	
POINT	TACGRP.CSS.PNT.SPT.CLS6	G	*	S	*	PSF---	CLASS VI	
POINT	TACGRP.CSS.PNT.SPT.CLS7	G	*	S	*	PSG---	CLASS VII	
POINT	TACGRP.CSS.PNT.SPT.CLS8	G	*	S	*	PSH---	CLASS VIII	
POINT	TACGRP.CSS.PNT.SPT.CLS9	G	*	S	*	PSI---	CLASS IX	
POINT	TACGRP.CSS.PNT.SPT.CLS10	G	*	S	*	PSJ---	CLASS X	
	TACGRP.CSS.PNT.AP	G	*	S	*	PA----	AMMUNITION POINTS	N/A
POINT	TACGRP.CSS.PNT.AP.ASP	G	*	S	*	PAS---	AMMUNITION SUPPLY POINT (ASP)	
POINT	TACGRP.CSS.PNT.AP.ATP	G	*	S	*	PAT---	AMMUNITION TRANSFER POINT (ATP)	
	TACGRP.CSS.LNE	G	*	S	*	L-----	LINES	N/A
	TACGRP.CSS.LNE.CNY	G	*	S	*	LC----	CONVOYS	N/A
	TACGRP.CSS.LNE.CNY.MCNY	G	*	S	*	LCM---	MOVING CONVOY	
	TACGRP.CSS.LNE.CNY.HCNY	G	*	S	*	LCH---	HALTED CONVOY	
	TACGRP.CSS.LNE.SLPRUT	G	*	S	*	LR----	SUPPLY ROUTES	N/A
	TACGRP.CSS.LNE.SLPRUT.MSRUT	G	*	S	*	LRM---	MAIN SUPPLY ROUTE	
	TACGRP.CSS.LNE.SLPRUT.ASRUT	G	*	S	*	LRA---	ALTERNATE SUPPLY ROUTE	
	TACGRP.CSS.LNE.SLPRUT.1WTRFF	G	*	S	*	LRO---	ONE-WAY TRAFFIC	
	TACGRP.CSS.LNE.SLPRUT.ATRFF	G	*	S	*	LRT---	ALTERNATING TRAFFIC	
	TACGRP.CSS.LNE.SLPRUT.2WTRFF	G	*	S	*	LRW---	TWO-WAY TRAFFIC	
	TACGRP.CSS.ARA	G	*	S	*	A-----	AREA	
	TACGRP.CSS.ARA.DHA	G	*	S	*	AD----	DETAINEE HOLDING AREA	
	TACGRP.CSS.ARA.EPWHA	G	*	S	*	AE----	ENEMY PRISONER OF WAR (EPW) HOLDING AREA	
	TACGRP.CSS.ARA.FARP	G	*	S	*	AR----	FORWARD ARMING AND REFUELING AREA (FARP)	
	TACGRP.CSS.ARA.RHA	G	*	S	*	AH----	REFUGEE HOLDING AREA	
	TACGRP.CSS.ARA.SUPARS	G	*	S	*	AS----	SUPPORT AREAS	N/A
	TACGRP.CSS.ARA.SUPARS.BSA	G	*	S	*	ASB---	BRIGADE (BSA)	
	TACGRP.CSS.ARA.SUPARS.DSA	G	*	S	*	ASD---	DIVISION (DSA)	
	TACGRP.CSS.ARA.SUPARS.RSA	G	*	S	*	ASR---	REGIMENTAL (RSA)	
	TACGRP.OTH	G	*	O	*	------	OTHER	N/A
	TACGRP.OTH.ER	G	*	O	*	E-----	EMERGENCY	N/A
POINT	TACGRP.OTH.ER.DTHAC	G	*	O	*	ED----	DITCHED AIRCRAFT	
POINT	TACGRP.OTH.ER.PIW	G	*	O	*	EP----	PERSON IN WATER	
POINT	TACGRP.OTH.ER.DSTVES	G	*	O	*	EV----	DISTRESSED VESSEL	
	TACGRP.OTH.HAZ	G	*	O	*	H-----	HAZARD	N/A
POINT	TACGRP.OTH.HAZ.SML	G	*	O	*	HM----	SEA MINE-LIKE	
	TACGRP.OTH.HAZ.NVGL	G	*	O	*	HN----	NAVIGATIONAL	
POINT	TACGRP.OTH.HAZ.IB	G	*	O	*	HI----	ICEBERG	
POINT	TACGRP.OTH.HAZ.OLRG	G	*	O	*	HO----	OIL RIG	
	TACGRP.OTH.SSUBSR	G	*	O	*	S-----	SEA SUBSURFACE RETURNS	N/A
POINT	TACGRP.OTH.SSUBSR.BTMRTN	G	*	O	*	SB----	BOTTOM RETURN/NOMBO	
POINT	TACGRP.OTH.SSUBSR.BTMRTN.INS	G	*	O	*	SBM---	INSTALLATION/MANMADE	
POINT	TACGRP.OTH.SSUBSR.BTMRTN.SBRSOO	G	*	O	*	SBN---	SEABED ROCK/STONE, OBSTACLE, OTHER	
POINT	TACGRP.OTH.SSUBSR.BTMRTN.WRKND	G	*	O	*	SBW---	WRECK, NON DANGEROUS	
POINT	TACGRP.OTH.SSUBSR.BTMRTN.WRKND.WRKD	G	*	O	*	SBWD--	WRECK, DANGEROUS	
POINT	TACGRP.OTH.SSUBSR.MARLFE	G	*	O	*	SM----	MARINE LIFE	
POINT	TACGRP.OTH.SSUBSR.SA	G	*	O	*	SS----	SEA ANOMALY (WAKE, CURRENT, KNUCKLE)	
	TACGRP.OTH.BERLNE	G	*	O	*	B-----	BEARING LINE	
	TACGRP.OTH.BERLNE.ELC	G	*	O	*	BE----	ELECTRONIC	
	TACGRP.OTH.BERLNE.ACU	G	*	O	*	BA----	ACOUSTIC	
	TACGRP.OTH.BERLNE.TPD	G	*	O	*	BT----	TORPEDO	
	TACGRP.OTH.BERLNE.EOPI	G	*	O	*	BO----	ELECTRO-OPTICAL INTERCEPT	
	TACGRP.OTH.FIX	G	*	O	*	F-----	FIX	N/A
POINT	TACGRP.OTH.FIX.ACU	G	*	O	*	FA----	ACOUSTIC	
POINT	TACGRP.OTH.FIX.EM	G	*	O	*	FE----	ELECTRO-MAGNETIC	
POINT	TACGRP.OTH.FIX.EOP	G	*	O	*	FO----	ELECTRO-OPTICAL	
